claim_id,customer_id,policy_number,claim_type,incident_date,filed_date,closed_date,amount_requested,reserved_amount,amount_paid,claim_status,fraud_flag,assigned_adjuster,processing_days,notes
CLM-2025-00013,CUST-2009,AUTO-847392,auto_collision,2024-10-22,2024-10-28,2024-11-20,5400.0,5200.0,4950.0,closed_approved,False,AGT-112,23,Front‑end collision damage validated by photos and repair estimate within the policy’s collision limit and $750 deductible.
CLM-2025-00014,CUST-3014,AUTO-240702,auto_comprehensive,2024-09-05,2024-09-10,2024-10-05,3100.0,3000.0,2750.0,closed_approved,False,AGT-104,25,Hail damage assessment aligned with enhanced comprehensive coverage and applied $250 deductible.
CLM-2025-00015,CUST-1012,AUTO-240614,auto_collision,2024-07-18,2024-07-28,2024-08-22,7800.0,7000.0,0.0,closed_denied,False,AGT-117,25,Claim denied due to suspended policy status at time of loss.
CLM-2025-00016,CUST-0058,HEALTH-510018,health_surgery,2024-11-02,2024-11-04,2024-11-25,9200.0,9000.0,9000.0,closed_approved,False,AGT-093,21,Routine knee arthroscopy verified with provider billing and paid within medical coverage limit.
CLM-2025-00017,CUST-9219,HOME-210925,home_fire,2024-08-11,2024-08-18,2024-09-12,14400.0,14000.0,13800.0,closed_approved,False,AGT-101,25,Kitchen‑area smoke damage matched fire inspector report under standard home coverage cap.
CLM-2025-00018,CUST-9142,HOME-004052,home_fire,2024-06-21,2024-06-28,2024-07-22,9800.0,9500.0,9500.0,closed_approved,False,AGT-106,24,Electrical‑source fire confirmed by licensed inspector consistent with premium tier liability protection.
CLM-2025-00019,CUST-0016,HEALTH-202406,health_surgery,2023-10-11,2023-10-13,2023-11-06,13200.0,13000.0,13000.0,closed_approved,False,AGT-111,24,Appendectomy billing aligned with premium medical coverage and validated by provider documentation.
CLM-2025-00020,CUST-1007,HEALTH-202402,health_surgery,2024-10-03,2024-10-04,2024-10-28,4800.0,4600.0,4600.0,closed_approved,False,AGT-104,24,Outpatient hernia operation billed accurately within basic coverage limit.
CLM-2025-00021,CUST-1024,AUTO-240603,auto_collision,2024-09-12,2024-09-18,2024-10-12,6200.0,6000.0,4500.0,closed_approved,False,AGT-109,24,Rear‑impact repair estimate reduced by $1500 collision deductible under basic tier.
CLM-2025-00022,CUST-3025,HOME-006432,home_fire,2024-05-14,2024-05-21,2024-06-15,4100.0,3900.0,3900.0,closed_approved,False,AGT-095,25,Minor laundry‑room fire damage supported by photos and contractor report within standard coverage cap.
CLM-2025-00023,CUST-1617,HOME-002123,home_fire,2024-04-18,2024-04-25,2024-05-15,7500.0,7200.0,7200.0,closed_approved,False,AGT-100,20,Basement wiring fire corroborated by electrician’s report consistent with tier limits.
CLM-2025-00024,CUST-8026,HEALTH-441803,health_surgery,2024-09-09,2024-09-11,2024-10-01,6100.0,6000.0,6000.0,closed_approved,False,AGT-118,20,Gallbladder procedure billing validated under standard medical coverage.
CLM-2025-00025,CUST-7406,AUTO-241105,auto_comprehensive,2024-08-25,2024-09-01,2024-09-30,1800.0,1700.0,950.0,closed_approved,False,AGT-097,29,Windshield replacement approved with $750 comprehensive deductible applied.
CLM-2025-00026,CUST-3017,HOME-942381,home_fire,2024-02-27,2024-03-05,2024-03-20,5200.0,0.0,0.0,closed_denied,False,AGT-120,15,Claim denied because the policy had lapsed prior to reported fire event.
CLM-2025-00027,CUST-0071,AUTO-012950,auto_collision,2024-10-12,2024-10-21,2024-11-14,3900.0,3800.0,3050.0,closed_approved,False,AGT-103,24,Side‑panel damage consistent with scene photos; $750 deductible applied.
CLM-2025-00028,CUST-1016,AUTO-230416,auto_comprehensive,2024-04-23,2024-04-30,2024-05-25,2500.0,2400.0,1650.0,closed_approved,False,AGT-110,25,Vandalism scratches verified by inspection; payout reflects $750 comprehensive deductible.
CLM-2025-00029,CUST-2911,AUTO-301982,auto_collision,2024-04-09,2024-04-18,2024-05-08,8400.0,0.0,0.0,closed_denied,True,AGT-117,20,"SIU flagged inconsistent repair‑shop invoices from a blacklisted vendor, placing payout on permanent hold."
CLM-2025-00030,CUST-4637,AUTO-202417,auto_comprehensive,2024-03-18,2024-03-25,2024-04-10,1500.0,0.0,0.0,closed_denied,False,AGT-099,16,Claim denied because policy was cancelled before date of loss.
CLM-2025-00031,CUST-1011,AUTO-240613,auto_collision,2024-09-20,2024-09-27,,5100.0,5000.0,0.0,open,False,AGT-104,14,Claim under active review pending supplemental repair documentation.
CLM-2025-00032,CUST-1012,AUTO-230412,auto_comprehensive,2024-11-01,2024-11-08,2024-12-01,2700.0,2600.0,1600.0,closed_approved,False,AGT-112,23,Theft of side mirrors documented; payout reduced per $1000 comprehensive deductible.
CLM-2025-00033,CUST-0061,AUTO-510021,auto_collision,2024-10-19,2024-10-28,2024-11-18,4600.0,4500.0,4000.0,closed_approved,False,AGT-093,21,Low‑speed rear damage consistent with photos and covered under standard collision terms with $500 deductible.
CLM-2025-00101,CUST-7278,AUTO-007482,auto_collision,2024-11-12,2024-11-20,2024-12-15,8200.0,8500.0,8200.0,closed_approved,False,AGT-103,25,Rear‑end impact confirmed by photos; payout applied after $500 collision deductible under premium auto tier.
CLM-2025-00102,CUST-9225,HEALTH-310931,health_surgery,2024-10-02,2024-10-04,2024-10-25,12400.0,13000.0,12400.0,closed_approved,False,AGT-111,21,Procedure billing validated; covered within medical payments limit under premium health plan.
CLM-2025-00103,CUST-8016,AUTO-234909,auto_comprehensive,2024-08-18,2024-08-26,2024-09-12,3600.0,3800.0,3600.0,closed_approved,False,AGT-097,17,Windshield damage from storm confirmed; payout applied post $250 comprehensive deductible.
CLM-2025-00104,CUST-1001,AUTO-240612,auto_collision,2024-04-12,2024-04-20,2024-04-28,2900.0,2900.0,0.0,closed_denied,False,AGT-106,8,Claim denied due to policy lapse prior to incident date.
CLM-2025-00105,CUST-8701,AUTO-240101,auto_collision,2024-09-05,2024-09-10,2024-09-30,5100.0,5300.0,5100.0,closed_approved,False,AGT-118,20,Low‑speed intersection collision verified; payout within collision limit after $1000 deductible.
CLM-2025-00106,CUST-0014,HOME-820739,home_fire,2024-11-09,2024-11-15,2024-12-12,18400.0,19000.0,18400.0,closed_approved,False,AGT-099,27,Kitchen fire damage confirmed by inspector; payout within premium home liability caps.
CLM-2025-00107,CUST-0031,AUTO-000702,auto_comprehensive,2024-10-25,2024-11-01,2024-11-20,1800.0,2000.0,1800.0,closed_approved,False,AGT-104,19,Theft of side mirrors verified; payout reflects $1000 comprehensive deductible.
CLM-2025-00108,CUST-3008,AUTO-684903,auto_collision,2024-07-19,2024-07-25,2024-08-14,6900.0,7200.0,6900.0,closed_approved,False,AGT-112,20,Impact with guardrail substantiated; payout applied after $750 collision deductible.
CLM-2025-00109,CUST-9007,HOME-672107,home_fire,2024-08-22,2024-08-28,2024-09-18,5200.0,5500.0,5200.0,closed_approved,False,AGT-101,21,Minor electrical fire confirmed in garage; payout within basic home coverage.
CLM-2025-00110,CUST-1010,AUTO-902351,auto_comprehensive,2024-06-25,2024-07-02,2024-07-20,2400.0,2600.0,2400.0,closed_approved,False,AGT-095,18,Broken rear window from vandalism validated; payout applied after $500 comprehensive deductible.
CLM-2025-00111,CUST-1201,AUTO-202406,auto_collision,2024-11-14,2024-11-20,,4300.0,4500.0,0.0,open,False,AGT-117,14,Claim under review pending second repair estimate from vendor.
CLM-2025-00112,CUST-8015,AUTO-234911,auto_comprehensive,2024-02-10,2024-02-13,2024-02-28,1500.0,1500.0,0.0,closed_denied,False,AGT-099,15,Denied because policy was cancelled before incident date.
CLM-2025-00113,CUST-1105,HOME-293849,home_fire,2024-05-11,2024-05-15,2024-06-08,7600.0,8000.0,7600.0,closed_approved,False,AGT-120,24,Fire damage to attic verified; payout aligns with basic home tier liability limits.
CLM-2025-00114,CUST-0033,AUTO-000705,auto_collision,2024-10-01,2024-10-05,2024-10-26,5800.0,6000.0,5800.0,closed_approved,False,AGT-109,21,Collision damage corroborated by dashcam; deductible of $1000 applied.
CLM-2025-00115,CUST-8814,AUTO-241113,auto_comprehensive,2024-09-20,2024-09-28,2024-10-14,2100.0,2300.0,2100.0,closed_approved,False,AGT-103,16,Hail damage validated by adjuster; payout after $1000 comprehensive deductible.
CLM-2025-00116,CUST-1016,HOME-240618,home_fire,2024-12-01,2024-12-06,,18400.0,19500.0,0.0,open,True,AGT-110,10,SIU reviewing contractor invoice anomalies; payout on hold pending vendor audit.
CLM-2025-00117,CUST-2197,AUTO-202414,auto_collision,2024-10-11,2024-10-20,2024-11-15,3400.0,3600.0,3400.0,closed_approved,False,AGT-097,26,Side‑impact damage supported by photographs; payout following $1000 deductible.
CLM-2025-00118,CUST-1130,HOME-120045,home_fire,2024-04-15,2024-04-19,2024-05-09,5800.0,6000.0,5800.0,closed_approved,False,AGT-101,20,Basement smoke damage verified; payout within basic coverage tier.
CLM-2025-00119,CUST-0057,HOME-510017,home_fire,2024-03-14,2024-03-18,2024-04-03,4900.0,5100.0,4900.0,closed_approved,False,AGT-104,16,Localized wiring fire confirmed; payout within liability limits.
CLM-2025-00120,CUST-7287,AUTO-008177,auto_comprehensive,2024-12-05,2024-12-12,2024-12-28,1600.0,1800.0,1600.0,closed_approved,False,AGT-118,16,Broken headlamp from debris confirmed; payout after $1200 comprehensive deductible.
CLM-2025-40601,CUST-4631,AUTO-202412,auto_collision,2024-07-11,2024-07-13,2024-08-05,5400.0,5200.0,5000.0,closed_approved,False,AGT-121,23,Front bumper repair approved under standard collision coverage after applying the 650 deductible.
CLM-2025-40602,CUST-2116,AUTO-200345,auto_collision,2023-09-02,2023-09-10,2023-09-20,6200.0,0.0,0.0,closed_denied,False,AGT-104,10,Claim denied due to policy lapse prior to incident date.
CLM-2025-40603,CUST-5831,AUTO-921516,auto_comprehensive,2024-08-19,2024-08-21,2024-09-08,3800.0,3600.0,3450.0,closed_approved,False,AGT-097,18,Windshield replacement approved under premium comprehensive coverage after 350 deductible.
CLM-2025-40604,CUST-1002,HOME-303948,home_fire,2024-02-04,2024-02-10,2024-03-01,9100.0,9000.0,8900.0,closed_approved,False,AGT-110,20,Smoke damage repairs validated by inspection under basic home coverage limits.
CLM-2025-40605,CUST-0054,HEALTH-510014,health_surgery,2024-11-10,2024-11-12,2024-12-02,7200.0,7100.0,7000.0,closed_approved,False,AGT-118,20,Procedural costs approved within basic medical payments limit.
CLM-2025-40606,CUST-2281,AUTO-003842,auto_comprehensive,2024-05-16,2024-05-20,2024-06-10,2100.0,2000.0,1800.0,closed_approved,False,AGT-093,21,Theft of side mirrors validated; payout issued after 1200 comprehensive deductible.
CLM-2025-40607,CUST-1026,AUTO-230422,auto_collision,2023-12-10,2023-12-20,2024-01-03,4500.0,0.0,0.0,closed_denied,False,AGT-106,14,Claim denied because the policy was in grace status but had expired before incident date.
CLM-2025-40608,CUST-9221,AUTO-110927,auto_collision,2024-04-09,2024-04-11,2024-04-30,3200.0,3000.0,2900.0,closed_approved,False,AGT-103,19,Rear-end collision repairs approved after applying the 1750 collision deductible.
CLM-2025-40609,CUST-0023,AUTO-202417,auto_comprehensive,2024-02-01,2024-02-03,2024-02-20,4800.0,4700.0,4550.0,closed_approved,False,AGT-099,17,Approved for hail damage under premium comprehensive coverage with a 250 deductible.
CLM-2025-40610,CUST-9001,AUTO-672101,auto_collision,2024-07-22,2024-07-28,2024-08-15,2700.0,2600.0,2500.0,closed_approved,False,AGT-117,18,Minor front-end repairs approved after 1000 deductible.
CLM-2025-40611,CUST-1009,AUTO-202412,auto_comprehensive,2024-08-14,2024-08-18,2024-09-05,3600.0,3500.0,3400.0,closed_approved,False,AGT-121,18,Vandalism damage covered under comprehensive; 800 deductible applied.
CLM-2025-40612,CUST-8023,AUTO-234908,auto_collision,2024-03-12,2024-03-14,2024-04-02,6400.0,6200.0,6000.0,closed_approved,False,AGT-095,19,Side-impact repairs approved within standard collision limits after 750 deductible.
CLM-2025-40613,CUST-2201,AUTO-202406,auto_comprehensive,2024-09-05,2024-09-07,2024-09-26,3100.0,3000.0,2950.0,closed_approved,False,AGT-112,19,Animal-strike damage verified and covered under comprehensive with 500 deductible.
CLM-2025-40614,CUST-3017,HOME-942381,home_fire,2024-01-05,2024-01-09,2024-01-29,7200.0,7000.0,6900.0,closed_approved,False,AGT-101,20,Kitchen fire soot remediation approved under basic home coverage limits.
CLM-2025-40615,CUST-1143,HOME-120047,home_fire,2024-06-14,2024-06-20,2024-07-08,11800.0,11500.0,11300.0,closed_approved,False,AGT-109,18,Electrical fire damage validated and approved under standard tier limits.
CLM-2025-40616,CUST-3029,AUTO-004489,auto_collision,2024-03-08,2024-03-11,2024-03-31,2600.0,2500.0,2400.0,closed_approved,False,AGT-120,20,Low-speed impact repairs approved after 2000 collision deductible.
CLM-2025-40617,CUST-2013,HEALTH-911432,health_surgery,2024-10-15,2024-10-17,2024-11-04,8300.0,8200.0,8150.0,closed_approved,False,AGT-118,18,Procedure costs approved within standard medical payments limit.
CLM-2025-40618,CUST-7233,HOME-019832,home_fire,2024-05-22,2024-05-27,2024-06-20,6400.0,6300.0,6200.0,closed_approved,False,AGT-111,24,Localized attic fire damage approved under standard home tier coverage.
CLM-2025-40619,CUST-1015,AUTO-902355,auto_collision,2024-10-02,2024-10-05,,5500.0,5400.0,0.0,open,True,AGT-097,28,Payout on hold pending SIU review of repeated vendor involvement flagged in audit.
CLM-2025-40620,CUST-2392,HEALTH-882193,health_surgery,2024-09-12,2024-09-14,2024-09-30,9100.0,9000.0,8900.0,closed_approved,False,AGT-103,16,Procedure approved within premium medical benefit limits following standard verification.
CLM-2025-00101,CUST-3013,AUTO-222841,auto_collision,2024-07-18,2024-07-20,2024-08-05,4800.0,5000.0,4800.0,closed_approved,False,AGT-103,16,Front bumper replacement approved within collision limit after deductible applied per standard tier.
CLM-2025-00102,CUST-2117,HOME-880234,home_fire,2024-06-04,2024-06-09,2024-06-28,9200.0,9500.0,9200.0,closed_approved,False,AGT-099,19,Kitchen smoke damage validated by inspector and paid under home fire coverage.
CLM-2025-00103,CUST-0013,AUTO-921381,auto_comprehensive,2024-11-02,2024-11-08,2024-11-22,3100.0,3300.0,3100.0,closed_approved,False,AGT-118,14,Windshield replacement approved under comprehensive limit minus deductible.
CLM-2025-00104,CUST-1022,HOME-110015,home_fire,2024-03-20,2024-03-25,2024-04-04,7000.0,0.0,0.0,closed_denied,False,AGT-121,10,Claim denied due to policy lapse at time of incident.
CLM-2025-00105,CUST-1011,HOME-002318,home_fire,2024-09-11,2024-09-13,2024-09-29,6400.0,6600.0,6400.0,closed_approved,False,AGT-100,16,Electrical short confirmed by fire inspector; payout within home fire coverage.
CLM-2025-00106,CUST-4628,HEALTH-202407,health_surgery,2024-08-12,2024-08-14,2024-08-24,5800.0,6000.0,5800.0,closed_approved,False,AGT-111,10,Approved for arthroscopic knee procedure under medical payments provision.
CLM-2025-00107,CUST-3037,HEALTH-001684,health_surgery,2024-10-03,2024-10-05,2024-10-17,4900.0,5000.0,4900.0,closed_approved,False,AGT-112,12,Appendectomy claim validated with provider documentation and paid per standard plan.
CLM-2025-00108,CUST-2010,HOME-764532,home_fire,2024-05-22,2024-05-28,2024-06-15,4500.0,4700.0,4500.0,closed_approved,False,AGT-095,18,Smoke damage to attic validated by inspector and covered under basic tier.
CLM-2025-00109,CUST-1012,AUTO-202414,auto_collision,2024-10-15,2024-10-20,2024-11-05,6200.0,6500.0,6200.0,closed_approved,False,AGT-097,16,Left-side panel repairs approved within collision limit after deductible.
CLM-2025-00110,CUST-1030,AUTO-202411,auto_comprehensive,2024-04-18,2024-04-25,2024-05-05,2100.0,2200.0,2100.0,closed_approved,False,AGT-104,10,Rear window replacement approved after vandalism review under comprehensive coverage.
CLM-2025-00111,CUST-9050,HEALTH-118392,health_surgery,2024-07-05,2024-07-07,2024-07-17,5300.0,5500.0,5300.0,closed_approved,False,AGT-117,10,Outpatient gallbladder surgery validated and approved within plan allowance.
CLM-2025-00112,CUST-9004,HOME-240003,home_fire,2024-12-02,2024-12-09,2024-12-28,8400.0,8600.0,8400.0,closed_approved,False,AGT-109,19,Basement fire damage verified and paid within basic home coverage cap.
CLM-2025-00113,CUST-9001,HEALTH-240012,health_surgery,2024-11-20,2024-11-22,2024-12-03,7100.0,7300.0,7100.0,closed_approved,False,AGT-110,11,Hip repair procedure confirmed and approved under standard medical coverage.
CLM-2025-00114,CUST-8716,AUTO-240117,auto_collision,2024-09-10,2024-09-12,2024-09-29,3900.0,4100.0,3900.0,closed_approved,True,AGT-093,17,Minor bumper repair approved; SIU review flagged a repeat vendor but no overbilling identified.
CLM-2025-00115,CUST-2913,HOME-232918,home_fire,2024-08-03,2024-08-08,2024-08-26,5200.0,5400.0,5200.0,closed_approved,False,AGT-111,18,Garage wiring incident corroborated by inspector and paid per basic-tier limits.
CLM-2025-00116,CUST-2192,AUTO-202409,auto_comprehensive,2024-10-28,2024-11-02,2024-11-16,2600.0,2700.0,2600.0,closed_approved,False,AGT-118,14,Theft-related mirror replacement approved under comprehensive limit.
CLM-2025-00117,CUST-1114,AUTO-438202,auto_collision,2024-11-09,2024-11-11,2024-11-29,5700.0,6000.0,5700.0,closed_approved,False,AGT-106,18,Rear-end damage validated with scene photos and covered within collision cap.
CLM-2025-00118,CUST-8807,HOME-241106,home_fire,2024-12-15,2024-12-20,,7200.0,7500.0,0.0,open,False,AGT-120,7,Investigation ongoing pending structural assessment report.
CLM-2025-00119,CUST-1016,AUTO-202418,auto_collision,2024-05-02,2024-05-10,2024-05-18,3400.0,0.0,0.0,closed_denied,False,AGT-097,8,Claim denied due to policy cancellation prior to loss event.
CLM-2025-00120,CUST-1014,AUTO-202416,auto_comprehensive,2024-02-10,2024-02-12,2024-02-27,2800.0,0.0,0.0,closed_denied,True,AGT-104,15,Vendor audit identified mismatched invoices; payout denied and vendor suspended pending SIU review.
CLM-2025-40801,CUST-1531,AUTO-202404,auto_collision,2024-11-12,2024-11-20,2024-12-12,4800.0,5000.0,4800.0,closed_approved,False,AGT-103,22,Front-bumper impact matched photos and payout applied after $1250 collision deductible under basic tier.
CLM-2025-40802,CUST-0013,AUTO-921381,auto_comprehensive,2024-10-03,2024-10-10,2024-10-25,3600.0,3800.0,3600.0,closed_approved,False,AGT-111,15,Windshield damage consistent with storm debris and covered below $500 comprehensive deductible.
CLM-2025-40803,CUST-8013,AUTO-234902,auto_collision,2024-09-22,2024-09-27,2024-10-18,9100.0,9500.0,9100.0,closed_approved,False,AGT-100,21,Rear-end crash validated by police report; collision limit of $40000 not exceeded.
CLM-2025-40804,CUST-0021,AUTO-202415,auto_comprehensive,2024-06-11,2024-06-17,2024-07-03,2200.0,2400.0,2200.0,closed_approved,False,AGT-112,16,Broken side glass from theft attempt covered after $1100 comprehensive deductible.
CLM-2025-40805,CUST-2203,AUTO-202420,home_fire,2024-07-19,2024-07-25,2024-08-15,12500.0,13000.0,12500.0,closed_approved,False,AGT-117,21,Kitchen fire damage verified by inspector; payout well under premium-tier aggregate capacity.
CLM-2025-40806,CUST-1115,AUTO-560210,auto_collision,2024-10-02,2024-10-12,2024-10-27,3400.0,3600.0,3400.0,closed_approved,False,AGT-118,15,Low-speed impact validated by photos; collision deductible of $1000 applied.
CLM-2025-40807,CUST-1110,AUTO-118245,auto_comprehensive,2024-08-14,2024-08-21,2024-09-10,5100.0,5300.0,5100.0,closed_approved,False,AGT-095,20,Hail-related dents confirmed by field visit and under $750 comprehensive deductible rules.
CLM-2025-40808,CUST-0081,AUTO-012956,auto_collision,2024-09-03,2024-09-10,2024-09-30,8600.0,8800.0,8600.0,closed_approved,False,AGT-097,20,Front quarter-panel repairs match adjuster estimate and remain within $32000 collision limit.
CLM-2025-40809,CUST-8023,AUTO-234908,auto_comprehensive,2024-10-15,2024-10-20,2024-11-05,2800.0,3000.0,2800.0,closed_approved,False,AGT-104,16,Vandalism scratch marks verified by photos; deductible of $750 applied.
CLM-2025-40810,CUST-9229,HOME-210938,home_fire,2024-09-28,2024-10-05,2024-10-24,6400.0,6600.0,6400.0,closed_approved,False,AGT-101,19,Small electrical fire in pantry validated by inspector and well below basic-tier liability cap.
CLM-2025-40811,CUST-0128,AUTO-003221,auto_collision,2024-01-22,2024-01-30,2024-02-15,4900.0,5200.0,4900.0,closed_approved,False,AGT-120,16,Rear bumper replacement supported by repair facility documentation and under $20000 collision limit.
CLM-2025-40812,CUST-1608,AUTO-003415,auto_comprehensive,2024-10-14,2024-10-21,2024-11-12,7200.0,7400.0,7200.0,closed_approved,False,AGT-109,22,Fallen-branch roof damage validated; payout applied after $250 comprehensive deductible under premium tier.
CLM-2025-40813,CUST-3008,AUTO-684903,auto_collision,2024-11-01,2024-11-10,2024-11-28,4100.0,4300.0,4100.0,closed_approved,False,AGT-099,18,Left-door impact video corroboration supported prompt approval within $80000 limit.
CLM-2025-40814,CUST-0024,HEALTH-000694,health_surgery,2024-09-09,2024-09-11,2024-09-25,5200.0,5400.0,5200.0,closed_approved,False,AGT-106,14,Outpatient orthopedic procedure verified and within medical-payments coverage.
CLM-2025-40815,CUST-1211,AUTO-202412,auto_collision,2024-02-20,2024-03-01,2024-03-18,3900.0,0.0,0.0,closed_denied,False,AGT-118,17,Claim denied due to policy cancellation prior to filing date.
CLM-2025-40816,CUST-4631,HOME-202410,home_fire,2024-10-22,2024-10-28,2024-11-15,7800.0,8000.0,7800.0,closed_approved,False,AGT-110,18,Laundry-room fire confirmed by inspection and paid under standard-tier liability limit.
CLM-2025-40817,CUST-8703,HEALTH-240104,health_surgery,2024-08-20,2024-08-22,2024-09-08,6800.0,7000.0,6800.0,closed_approved,False,AGT-093,17,Procedure billing matched authorized provider records within coverage limit.
CLM-2025-40818,CUST-4629,AUTO-202411,auto_comprehensive,2024-11-05,2024-11-12,2024-11-30,2600.0,2800.0,2600.0,closed_approved,False,AGT-121,18,Side-mirror theft validated by photos and paid after $700 deductible.
CLM-2025-40819,CUST-9010,HOME-240019,home_fire,2024-10-09,2024-10-16,2024-11-08,9100.0,9400.0,9100.0,closed_approved,True,AGT-103,23,Minor garage fire investigated due to prior-vendor alerts; SIU cleared vendor and payout released.
CLM-2025-40820,CUST-0063,HEALTH-202404,health_surgery,2024-10-25,2024-10-27,,7300.0,7500.0,0.0,open,False,AGT-111,14,Claim under review pending procedure documentation from authorized provider.
CLM-2025-40901,CUST-2902,AUTO-371916,auto_collision,2024-11-03,2024-11-10,2024-12-02,4800.0,5000.0,4700.0,closed_approved,False,AGT-103,22,Damage consistent with commuter rear‑end collision and payout applied after $750 collision deductible under standard tier.
CLM-2025-40902,CUST-1001,HEALTH-202401,health_surgery,2024-07-18,2024-07-20,2024-08-05,9200.0,9500.0,9200.0,closed_approved,False,AGT-118,16,Routine outpatient knee procedure aligned with plan rules and paid within medical coverage limit.
CLM-2025-40903,CUST-1013,AUTO-202415,auto_comprehensive,2024-02-11,2024-02-15,2024-03-04,3100.0,3300.0,2100.0,closed_approved,False,AGT-110,18,Windshield and panel damage from storm event with $1000 comprehensive deductible applied under basic tier limits.
CLM-2025-40904,CUST-9216,AUTO-110932,auto_collision,2024-09-05,2024-09-12,2024-10-01,6900.0,7100.0,4900.0,closed_approved,False,AGT-101,19,Front‑end damage verified via photos and payout reduced by $2000 collision deductible under basic coverage.
CLM-2025-40905,CUST-2190,AUTO-202407,auto_comprehensive,2024-08-14,2024-08-20,2024-09-10,8200.0,8400.0,7700.0,closed_approved,False,AGT-095,21,Theft‑related interior damage confirmed and paid after $500 comprehensive deductible under standard tier.
CLM-2025-40906,CUST-3020,AUTO-240709,auto_collision,2024-06-01,2024-06-10,2024-07-02,4200.0,4400.0,0.0,closed_denied,False,AGT-111,22,Claim denied due to policy suspension at incident date and non‑payment status documentation.
CLM-2025-40907,CUST-4183,HEALTH-003103,health_surgery,2024-09-12,2024-09-14,2024-10-01,6100.0,6200.0,6100.0,closed_approved,False,AGT-120,17,Covered gallbladder procedure validated with required hospital documentation.
CLM-2025-40908,CUST-9015,AUTO-240016,auto_comprehensive,2024-05-04,2024-05-10,2024-05-28,2600.0,2800.0,1400.0,closed_approved,False,AGT-097,18,Side‑window vandalism confirmed; payout reflects $1200 comprehensive deductible under basic tier.
CLM-2025-40909,CUST-5831,AUTO-921516,auto_collision,2024-07-23,2024-07-30,2024-08-18,15500.0,16000.0,15300.0,closed_approved,False,AGT-104,19,High‑value front‑end loss within premium tier limits after $200 deductible applied.
CLM-2025-40910,CUST-0130,AUTO-003224,auto_collision,2024-01-18,2024-01-25,2024-02-14,5400.0,5600.0,0.0,closed_denied,False,AGT-106,20,Claim denied because incident occurred after policy lapse and outside grace reinstatement window.
CLM-2025-40911,CUST-7416,HOME-241115,home_fire,2024-03-08,2024-03-15,2024-04-05,12800.0,13000.0,12800.0,closed_approved,False,AGT-112,21,Kitchen fire damage validated through inspection and covered under premium property limits.
CLM-2025-40912,CUST-8709,AUTO-240110,auto_comprehensive,2024-05-12,2024-05-20,2024-06-08,3500.0,3600.0,2600.0,closed_approved,False,AGT-099,19,Hail damage confirmed and reduced by $900 comprehensive deductible under standard tier.
CLM-2025-40913,CUST-0013,HOME-112098,home_fire,2024-10-10,2024-10-18,2024-11-07,7800.0,8000.0,7800.0,closed_approved,False,AGT-117,20,Localized electrical fire confirmed via inspection and covered under standard home limits.
CLM-2025-40914,CUST-0031,AUTO-000702,auto_collision,2024-08-22,2024-08-28,2024-09-15,3900.0,4100.0,2400.0,closed_approved,False,AGT-109,18,Rear‑quarter impact confirmed; payout reflects $1500 collision deductible under basic tier.
CLM-2025-40915,CUST-8710,AUTO-240111,auto_comprehensive,2024-03-18,2024-03-25,2024-04-10,3100.0,3200.0,0.0,closed_denied,True,AGT-121,16,Vendor invoice flagged on blacklist; SIU referral triggered and claim denied for unverifiable repair documentation.
CLM-2025-40916,CUST-1010,AUTO-202411,auto_collision,2024-09-09,2024-09-15,2024-10-05,6200.0,6400.0,5450.0,closed_approved,False,AGT-100,20,Impact damage consistent with reported turn‑lane incident after $750 collision deductible in standard tier.
CLM-2025-40917,CUST-7282,HEALTH-003781,health_surgery,2024-11-11,2024-11-13,,8400.0,8600.0,0.0,open,False,AGT-111,4,Pending review of provider coding before confirming eligibility within basic medical limits.
CLM-2025-40918,CUST-3023,HOME-240712,home_fire,2024-05-29,2024-06-06,2024-06-28,6200.0,6300.0,6200.0,closed_approved,False,AGT-118,22,Smoke and appliance damage validated by inspection and covered under standard home limits.
CLM-2025-40919,CUST-9001,HEALTH-240012,health_surgery,2024-10-03,2024-10-05,2024-10-20,7200.0,7400.0,7200.0,closed_approved,False,AGT-093,15,Approved for covered shoulder procedure within standard tier annual medical limit.
CLM-2025-40920,CUST-1005,AUTO-240605,auto_comprehensive,2024-07-14,2024-07-20,2024-08-08,5600.0,5800.0,5100.0,closed_approved,False,AGT-097,19,Glass and trim damage from debris validated and reduced by $500 comprehensive deductible under premium tier.
CLM-2025-41001,CUST-2116,AUTO-200345,auto_collision,2024-12-14,2024-12-20,2025-01-08,4800.0,5000.0,4800.0,closed_approved,False,AGT-130,19,Front-bumper impact validated with photos; payout aligned to standard tier collision coverage after $750 deductible.
CLM-2025-41002,CUST-1023,AUTO-982147,auto_comprehensive,2023-09-22,2023-09-30,2023-10-20,2100.0,2300.0,2100.0,closed_approved,False,AGT-103,20,Vandalism damage confirmed; payout limited to basic tier comprehensive with $1000 deductible applied.
CLM-2025-41003,CUST-1005,AUTO-005019,auto_collision,2024-07-10,2024-07-18,2024-08-05,6900.0,7100.0,6900.0,closed_approved,False,AGT-118,18,Rear-end accident supported by police report; payout under standard collision after $750 deductible.
CLM-2025-41004,CUST-7417,HEALTH-241116,health_surgery,2024-10-04,2024-10-06,2024-10-22,9200.0,9500.0,9200.0,closed_approved,False,AGT-121,16,Appendectomy claim validated; standard tier medical payment limit sufficient for release.
CLM-2025-41005,CUST-5837,AUTO-921522,auto_comprehensive,2024-05-09,2024-05-13,2024-06-02,3200.0,3400.0,3200.0,closed_approved,False,AGT-110,20,Windshield replacement due to storm debris authorized under basic comprehensive with $1500 deductible.
CLM-2025-41006,CUST-0131,HEALTH-002283,health_surgery,2024-02-10,2024-02-12,2024-03-01,4600.0,4800.0,4600.0,closed_approved,False,AGT-106,18,Knee arthroscopy documentation sufficient for basic tier medical payout.
CLM-2025-41007,CUST-9047,AUTO-118389,auto_collision,2024-01-28,2024-02-05,2024-02-24,5200.0,5400.0,5200.0,closed_approved,False,AGT-099,19,Side-scrape damage matched scene photos; deductible of $1350 under basic tier applied.
CLM-2025-41008,CUST-0058,HEALTH-510018,health_surgery,2024-07-20,2024-07-22,2024-08-06,10400.0,11000.0,10400.0,closed_approved,False,AGT-112,15,Gallbladder removal verified; payout within standard tier limit.
CLM-2025-41009,CUST-1611,AUTO-003417,auto_comprehensive,2024-11-02,2024-11-10,2024-11-28,2600.0,2700.0,2600.0,closed_approved,False,AGT-117,18,Theft of side mirrors confirmed; basic comprehensive payout issued after $900 deductible.
CLM-2025-41010,CUST-8703,HEALTH-240104,health_surgery,2024-06-03,2024-06-05,2024-06-21,7800.0,8200.0,7800.0,closed_approved,False,AGT-120,16,Hernia repair validated with proper documentation under standard tier coverage.
CLM-2025-41011,CUST-6211,AUTO-000142,auto_collision,2024-10-18,2024-10-26,2024-11-15,4300.0,4500.0,4300.0,closed_approved,False,AGT-104,20,Parking-lot collision aligned with witness statements; basic tier collision coverage applied after $1000 deductible.
CLM-2025-41012,CUST-2217,HOME-202423,home_fire,2024-09-09,2024-09-15,2024-10-04,8800.0,9000.0,8800.0,closed_approved,False,AGT-095,19,Electrical short confirmed by inspector; payout within standard home structural coverage.
CLM-2025-41013,CUST-1001,HOME-202410,home_fire,2024-12-20,2024-12-27,2025-01-14,7400.0,7600.0,7400.0,closed_approved,False,AGT-111,18,Kitchen smoke damage verified; claim paid under standard tier with no deductible requirement stated in policy.
CLM-2025-41014,CUST-9044,AUTO-118386,auto_collision,2023-10-01,2023-10-10,2023-10-22,2900.0,3100.0,0.0,closed_denied,False,AGT-097,12,Claim denied due to policy lapse prior to date of incident.
CLM-2025-41015,CUST-4635,AUTO-202415,auto_comprehensive,2024-09-11,2024-09-20,2024-10-05,3500.0,3600.0,0.0,closed_denied,True,AGT-109,15,Vendor mismatch triggered SIU referral and payout placed on hold pending blacklist audit.
CLM-2025-41016,CUST-8714,HOME-240115,home_fire,2024-08-29,2024-09-04,2024-09-24,9800.0,10000.0,9800.0,closed_approved,False,AGT-101,20,Minor attic fire confirmed by fire marshal; payout under standard home liability structure.
CLM-2025-41017,CUST-0077,HOME-003815,home_fire,2024-10-16,2024-10-22,2024-11-05,5400.0,5600.0,5400.0,closed_approved,False,AGT-118,14,Smoke damage to basement verified; basic tier limit sufficient for payout.
CLM-2025-41018,CUST-3033,HEALTH-001159,health_surgery,2024-05-17,2024-05-19,2024-06-03,3600.0,3800.0,3600.0,closed_approved,False,AGT-093,15,Outpatient orthopedic procedure validated; basic tier medical limit adequate.
CLM-2025-41019,CUST-9054,AUTO-118396,auto_comprehensive,2024-11-29,2024-12-03,,2500.0,2700.0,0.0,open,False,AGT-130,7,Hail damage inspection pending vendor scheduling.
CLM-2025-41020,CUST-0124,HEALTH-002270,health_surgery,2024-07-02,2024-07-04,2024-07-19,8300.0,8600.0,8300.0,closed_approved,False,AGT-109,15,Sinus surgery documentation complete; payout aligned with standard tier medical limits.
CLM-2025-00101,CUST-0081,AUTO-012956,auto_collision,2024-11-02,2024-11-10,2024-12-02,8200.0,8400.0,8200.0,closed_approved,False,AGT-131,22,Collision payout approved within the policy’s collision limit after applying the 750 deductible.
CLM-2025-00102,CUST-1209,HOME-202405,home_fire,2024-10-18,2024-10-25,2024-11-28,9600.0,10000.0,9600.0,closed_approved,False,AGT-118,34,Fire loss validated by inspection and paid under premium tier coverage.
CLM-2025-00103,CUST-3021,HEALTH-240710,health_surgery,2024-12-04,2024-12-06,2024-12-20,5400.0,5600.0,5400.0,closed_approved,False,AGT-103,14,Surgery claim approved after verifying benefits within the basic tier aggregate.
CLM-2025-00104,CUST-1012,AUTO-902352,auto_comprehensive,2024-09-14,2024-09-20,2024-10-14,2800.0,2900.0,2800.0,closed_approved,False,AGT-130,24,Windshield replacement approved under comprehensive coverage minus the 750 deductible.
CLM-2025-00105,CUST-2215,HOME-202421,home_fire,2024-08-22,2024-08-29,2024-09-25,7400.0,7600.0,7400.0,closed_approved,False,AGT-097,27,Kitchen fire damage confirmed and paid within basic tier limits.
CLM-2025-00106,CUST-1018,AUTO-982141,auto_collision,2024-10-12,2024-10-20,2024-11-12,3100.0,3300.0,3100.0,closed_approved,False,AGT-100,23,Minor front-end repair approved after applying 1500 collision deductible.
CLM-2025-00107,CUST-1003,AUTO-202402,auto_comprehensive,2024-07-14,2024-07-21,2024-08-11,5200.0,5400.0,5200.0,closed_approved,False,AGT-109,21,Theft damage payout aligned with premium comprehensive coverage after 500 deductible.
CLM-2025-00108,CUST-1013,AUTO-005020,auto_collision,2024-10-28,2024-11-05,2024-11-30,10400.0,10800.0,10400.0,closed_approved,False,AGT-121,25,High-value collision repair validated and paid within 120000 collision cap.
CLM-2025-00109,CUST-4631,AUTO-202412,auto_comprehensive,2024-09-09,2024-09-15,2024-10-10,2600.0,2700.0,2600.0,closed_approved,False,AGT-104,25,Storm debris claim approved within comprehensive limit after 650 deductible.
CLM-2025-00110,CUST-1212,HEALTH-202407,health_surgery,2024-11-18,2024-11-20,2024-12-05,8900.0,9100.0,8900.0,closed_approved,False,AGT-095,15,Procedure costs approved within the remaining aggregate under standard tier.
CLM-2025-00111,CUST-1002,AUTO-202407,auto_comprehensive,2024-10-30,2024-11-05,2024-11-27,1800.0,1900.0,1800.0,closed_approved,False,AGT-112,22,Vandalism loss reviewed and approved under comprehensive coverage.
CLM-2025-00112,CUST-2903,HOME-172348,home_fire,2024-09-10,2024-09-17,2024-10-13,12500.0,13000.0,12500.0,closed_approved,False,AGT-111,26,Electrical fire damage confirmed and paid under premium home limits.
CLM-2025-00113,CUST-2116,AUTO-200345,auto_collision,2024-03-11,2024-03-20,2024-04-05,3400.0,3500.0,0.0,closed_denied,False,AGT-099,16,Claim denied due to policy lapse at time of incident.
CLM-2025-00114,CUST-3010,AUTO-277830,auto_collision,2024-11-01,2024-11-09,2024-12-02,7600.0,7800.0,7600.0,closed_approved,False,AGT-117,23,Collision payout approved under standard tier with 500 deductible applied.
CLM-2025-00115,CUST-1011,AUTO-240613,auto_comprehensive,2024-06-14,2024-06-20,2024-07-15,3200.0,3300.0,3200.0,closed_approved,False,AGT-130,25,Hail damage confirmed and processed under comprehensive coverage.
CLM-2025-00116,CUST-2205,AUTO-008305,auto_collision,2024-10-02,2024-10-10,2024-11-01,4900.0,5100.0,4900.0,closed_approved,False,AGT-106,22,Collision payout approved with 750 deductible per standard tier.
CLM-2025-00117,CUST-0927,AUTO-202403,auto_collision,2024-09-19,2024-09-27,2024-10-18,2600.0,2700.0,2600.0,closed_approved,False,AGT-120,21,Low-speed collision verified and paid after 750 deductible.
CLM-2025-00118,CUST-1013,AUTO-982136,auto_comprehensive,2024-08-11,2024-08-17,2024-09-09,4100.0,4200.0,4100.0,closed_approved,False,AGT-111,23,Glass and trim damage approved under comprehensive coverage with 750 deductible.
CLM-2025-00119,CUST-6711,AUTO-202416,auto_collision,2024-03-04,2024-03-14,,3600.0,3800.0,0.0,open,True,AGT-103,19,Claim under SIU review due to mismatch in repair vendor history; payout on hold.
CLM-2025-00120,CUST-8701,HOME-240102,home_fire,2024-12-01,2024-12-07,2024-12-29,6800.0,7000.0,6800.0,closed_approved,False,AGT-118,22,Localized fire damage confirmed and settled within standard-tier limits.
CLM-2025-00101,CUST-2102,AUTO-892034,auto_collision,2024-11-02,2024-11-05,2024-11-24,5200.0,5000.0,4650.0,closed_approved,False,AGT-131,19,Front bumper impact validated by photos; payout applied after $750 collision deductible per standard auto tier.
CLM-2025-00102,CUST-1001,AUTO-202406,auto_comprehensive,2024-10-18,2024-10-20,2024-11-12,3800.0,3600.0,3300.0,closed_approved,False,AGT-103,23,Windshield cracking confirmed by inspection; comprehensive deductible of $500 applied under standard tier.
CLM-2025-00103,CUST-7272,HOME-020475,home_fire,2024-09-29,2024-10-06,2024-10-30,9400.0,9000.0,8800.0,closed_approved,False,AGT-118,24,Minor kitchen fire confirmed by fire marshal report and covered within basic home policy limits.
CLM-2025-00104,CUST-0124,HEALTH-002270,health_surgery,2024-10-03,2024-10-05,2024-10-20,7600.0,7600.0,7450.0,closed_approved,False,AGT-112,15,Outpatient orthopedic procedure validated with provider coding and processed under standard tier medical limits.
CLM-2025-00105,CUST-2211,HOME-009982,home_fire,2024-08-14,2024-08-20,2024-09-10,6400.0,6200.0,6100.0,closed_approved,False,AGT-095,21,Smoke damage to hallway supported by adjuster photos and covered under basic home policy cap.
CLM-2025-00106,CUST-9001,AUTO-240000,auto_collision,2024-11-05,2024-11-10,2024-12-03,8400.0,8100.0,7800.0,closed_approved,False,AGT-104,23,Rear-end collision validated through police report; deductible of $750 collision applied.
CLM-2025-00107,CUST-1015,AUTO-202415,auto_comprehensive,2024-07-20,2024-07-22,2024-08-10,2600.0,2400.0,1400.0,closed_approved,False,AGT-110,19,Vandalism to vehicle door confirmed; payment reduced due to $1200 comprehensive deductible fitting basic tier coverage.
CLM-2025-00108,CUST-2207,AUTO-202412,auto_collision,2024-06-11,2024-06-20,2024-07-02,4200.0,0.0,0.0,closed_denied,False,AGT-101,12,Claim denied due to policy lapse at time of incident as payment status was overdue.
CLM-2025-00109,CUST-1208,AUTO-202410,auto_comprehensive,2024-05-25,2024-05-28,2024-06-14,3100.0,0.0,0.0,closed_denied,True,AGT-109,17,Denied after SIU flagged vendor for recurring inflated repair estimates tied to suspended policy status.
CLM-2025-00110,CUST-9216,HEALTH-310922,health_surgery,2024-09-12,2024-09-14,2024-09-30,5400.0,5400.0,5250.0,closed_approved,False,AGT-117,16,Procedure documentation validated through provider notes and processed under basic tier medical cap.
CLM-2025-00111,CUST-9009,HOME-240009,home_fire,2024-10-10,2024-10-15,2024-11-05,15200.0,15000.0,14800.0,closed_approved,False,AGT-093,21,Minor attic fire confirmed by inspection and covered within premium policy’s higher liability caps.
CLM-2025-00112,CUST-2015,AUTO-886591,auto_collision,2024-09-04,2024-09-06,2024-09-25,4700.0,4600.0,4250.0,closed_approved,False,AGT-120,19,Side panel impact supported by photos; collision deductible of $750 applied under standard tier.
CLM-2025-00113,CUST-2112,HOME-215981,home_fire,2024-08-27,2024-08-31,2024-09-21,7200.0,7000.0,6900.0,closed_approved,False,AGT-111,21,Electrical short evidence validated by inspector; payout covered within standard home policy limits.
CLM-2025-00114,CUST-8702,AUTO-240103,auto_comprehensive,2024-10-28,2024-10-30,2024-11-14,2800.0,2600.0,1800.0,closed_approved,False,AGT-106,15,Tree limb impact verified; comprehensive deductible of $1000 under standard tier applied.
CLM-2025-00115,CUST-9006,AUTO-672106,auto_collision,2024-11-01,2024-11-04,2024-11-26,8900.0,8600.0,8350.0,closed_approved,False,AGT-121,22,Front quarter panel repair validated; collision deductible of $250 applied per premium tier.
CLM-2025-00116,CUST-7221,AUTO-004820,auto_collision,2024-04-15,2024-04-20,2024-05-05,3100.0,3000.0,2100.0,closed_approved,False,AGT-130,15,Parking lot collision confirmed; $1000 deductible under basic tier applied.
CLM-2025-00117,CUST-3315,HOME-110034,home_fire,2024-07-19,2024-07-25,2024-08-14,5800.0,5600.0,5500.0,closed_approved,False,AGT-099,20,Smoke residue in living area confirmed; payout within basic home tier limitations.
CLM-2025-00118,CUST-1036,HOME-202415,home_fire,2024-10-05,2024-10-11,2024-10-30,10400.0,10200.0,10000.0,closed_approved,False,AGT-100,19,Garage fire cause determined accidental; covered under standard home tier limits.
CLM-2025-00119,CUST-2198,AUTO-202415,auto_comprehensive,2024-09-03,2024-09-05,2024-09-22,3400.0,3300.0,2900.0,closed_approved,False,AGT-118,17,Theft of side mirror confirmed; $500 comprehensive deductible under standard tier applied.
CLM-2025-00120,CUST-7412,AUTO-241111,auto_collision,2024-11-08,2024-11-10,,9200.0,9100.0,0.0,open,False,AGT-131,12,Awaiting final body shop estimate before determining payout under premium collision limits.
CLM-2025-00101,CUST-8013,AUTO-234902,auto_collision,2024-08-14,2024-08-20,2024-09-12,6200.0,6400.0,6200.0,closed_approved,False,AGT-103,23,Payout aligned to standard collision tier after applying the 750 collision deductible and confirming damage photos.
CLM-2025-00102,CUST-3021,AUTO-009589,auto_comprehensive,2024-11-09,2024-11-13,2024-12-01,4300.0,4500.0,4300.0,closed_approved,False,AGT-121,18,Approved under enhanced comprehensive coverage after documentation confirmed hail impact beyond 750 deductible.
CLM-2025-00103,CUST-1004,HEALTH-001110,health_surgery,2024-10-11,2024-10-13,2024-10-29,8800.0,9000.0,8800.0,closed_approved,False,AGT-130,16,Procedure reimbursed under premium tier with remaining annual aggregate verified.
CLM-2025-00104,CUST-3025,HOME-006432,home_fire,2024-12-02,2024-12-10,2025-01-03,14500.0,15000.0,14500.0,closed_approved,False,AGT-099,24,Fire damage validated via inspector report and paid within standard liability caps.
CLM-2025-00105,CUST-9013,AUTO-240014,auto_collision,2024-10-03,2024-10-05,2024-10-28,5100.0,5300.0,5100.0,closed_approved,False,AGT-104,23,Front‑end damage supported by photos; deductible of 1000 applied per standard tier.
CLM-2025-00106,CUST-9053,HEALTH-118395,health_surgery,2024-09-19,2024-09-21,2024-10-08,3000.0,3100.0,3000.0,closed_approved,False,AGT-112,17,Basic tier coverage confirmed for outpatient procedure within remaining aggregate.
CLM-2025-00107,CUST-2216,HOME-202422,home_fire,2024-11-26,2024-12-04,2025-01-01,8700.0,9000.0,8700.0,closed_approved,False,AGT-118,28,Smoke damage corroborated by fire department report under premium home tier.
CLM-2025-00108,CUST-1027,AUTO-202409,auto_comprehensive,2024-09-18,2024-09-25,2024-10-18,2800.0,3000.0,2800.0,closed_approved,False,AGT-106,23,Windshield replacement approved under premium comprehensive coverage with 250 deductible applied.
CLM-2025-00109,CUST-8706,AUTO-240107,auto_collision,2024-08-30,2024-09-02,2024-09-24,2600.0,2700.0,2600.0,closed_approved,False,AGT-100,22,Low‑speed rear impact confirmed; basic-tier 1200 collision deductible applied.
CLM-2025-00110,CUST-1024,HEALTH-301004,health_surgery,2024-09-14,2024-09-16,2024-10-05,6400.0,6600.0,6400.0,closed_approved,False,AGT-110,19,Standard-tier surgery claim validated with required documentation and within aggregate limit.
CLM-2025-00111,CUST-2214,HEALTH-014312,health_surgery,2024-08-22,2024-08-24,2024-09-10,7200.0,7400.0,7200.0,closed_approved,False,AGT-117,17,Standard-tier procedure validated and processed within remaining aggregate.
CLM-2025-00112,CUST-8816,AUTO-241116,auto_comprehensive,2024-10-09,2024-10-12,2024-11-01,3500.0,3700.0,3500.0,closed_approved,False,AGT-111,20,Approved for vandalism repair under premium tier with 250 deductible applied.
CLM-2025-00113,CUST-1013,HOME-110012,home_fire,2024-07-28,2024-08-09,2024-09-03,9200.0,9500.0,9200.0,closed_approved,False,AGT-097,25,Kitchen fire verified by inspection; payout within premium-tier structural limits.
CLM-2025-00114,CUST-1462,AUTO-000143,auto_collision,2024-11-01,2024-11-06,2024-11-27,4800.0,5000.0,4800.0,closed_approved,False,AGT-093,21,Side‑panel damage consistent with police report; 750 deductible deducted under standard tier.
CLM-2025-00115,CUST-2208,AUTO-202413,auto_collision,2024-09-07,2024-09-11,2024-10-03,7100.0,7400.0,7100.0,closed_approved,False,AGT-109,22,Impact damage validated with telematics data; premium-tier deductible of 250 applied.
CLM-2025-00116,CUST-1128,AUTO-230186,auto_comprehensive,2024-10-14,2024-10-22,2024-11-13,1900.0,2000.0,1900.0,closed_approved,False,AGT-120,22,Window break‑in confirmed by police report; basic-tier 1000 comprehensive deductible applied.
CLM-2025-00117,CUST-7247,HEALTH-003492,health_surgery,2024-09-25,2024-09-27,2024-10-15,5600.0,5800.0,5600.0,closed_approved,False,AGT-131,18,Standard-tier outpatient procedure reimbursed after provider verification.
CLM-2025-00118,CUST-0084,AUTO-012959,auto_collision,2024-08-03,2024-08-05,2024-08-20,4200.0,0.0,0.0,closed_denied,False,AGT-095,15,Claim denied due to policy lapse and overdue payment at time of incident.
CLM-2025-00119,CUST-2213,AUTO-727891,auto_comprehensive,2024-11-02,2024-11-12,,2600.0,3000.0,0.0,open,False,AGT-118,14,Claim under review pending vendor invoice verification for storm‑related damage.
CLM-2025-00120,CUST-9012,AUTO-240013,auto_collision,2024-12-03,2024-12-10,,5300.0,5600.0,0.0,open,True,AGT-103,9,SIU hold triggered due to repeat‑vendor pattern flagged in parts invoices; payout paused pending audit.
CLM-2025-00101,CUST-9216,AUTO-110932,auto_collision,2024-11-12,2024-11-14,2024-12-05,4200.0,4500.0,4200.0,closed_approved,False,AGT-103,21,Collision payout aligned with basic-tier limits and the $2000 collision deductible was applied.
CLM-2025-00102,CUST-1008,AUTO-202408,auto_comprehensive,2024-10-02,2024-10-10,2024-10-30,5300.0,5600.0,5300.0,closed_approved,False,AGT-118,20,Approved after verifying enhanced-tier glass coverage and applying the $500 comprehensive deductible.
CLM-2025-00103,CUST-0015,HOME-202410,home_fire,2024-07-18,2024-07-25,2024-08-20,8800.0,9000.0,8800.0,closed_approved,False,AGT-131,26,Inspection confirmed kitchen fire damage within basic-tier limits and documentation was complete.
CLM-2025-00104,CUST-2036,HEALTH-419283,health_surgery,2024-12-01,2024-12-03,2024-12-20,7100.0,7500.0,7100.0,closed_approved,False,AGT-106,17,Approved after confirming procedure eligibility under standard-tier health benefits and annual aggregate remaining.
CLM-2025-00105,CUST-2908,AUTO-388401,auto_collision,2024-09-15,2024-09-20,2024-10-12,3900.0,4200.0,3900.0,closed_approved,False,AGT-110,22,Minor front bumper damage supported by photos; standard-tier deductible of $750 applied.
CLM-2025-00106,CUST-1030,HOME-240610,home_fire,2024-08-11,2024-08-18,2024-09-10,6100.0,6500.0,6100.0,closed_approved,False,AGT-121,23,Electrical fire damage confirmed by inspector and covered under standard home-tier limits.
CLM-2025-00107,CUST-0035,HEALTH-000707,health_surgery,2025-01-04,2025-01-06,2025-01-22,5200.0,5500.0,5200.0,closed_approved,False,AGT-099,16,Procedure validated under standard-tier benefits with ample annual aggregate remaining.
CLM-2025-00108,CUST-1220,AUTO-202417,auto_comprehensive,2024-11-01,2024-11-10,2024-12-02,2500.0,2700.0,2500.0,closed_approved,False,AGT-130,22,Storm debris damage validated; comprehensive deductible of $750 applied.
CLM-2025-00109,CUST-1008,AUTO-240609,auto_collision,2024-09-21,2024-09-25,2024-10-14,4600.0,4800.0,4600.0,closed_approved,False,AGT-117,19,Collision estimate aligned with basic-tier limits; deductible of $2000 applied.
CLM-2025-00110,CUST-1024,HEALTH-982154,health_surgery,2024-10-20,2024-10-22,2024-11-10,9400.0,9700.0,9400.0,closed_approved,False,AGT-104,19,Approved after procedure verification under premium-tier health benefits.
CLM-2025-00111,CUST-2213,AUTO-202418,auto_comprehensive,2024-07-12,2024-07-20,2024-08-04,3300.0,3500.0,0.0,closed_denied,False,AGT-111,15,Denied because the policy was suspended at time of loss and comprehensive coverage inactive.
CLM-2025-00112,CUST-2202,AUTO-202419,home_fire,2024-08-10,2024-08-15,2024-09-02,10400.0,10700.0,10400.0,closed_approved,False,AGT-120,18,Fire damage confirmed in attic; standard-tier home limits sufficient for full payout.
CLM-2025-00113,CUST-8704,AUTO-240105,auto_collision,2024-10-08,2024-10-10,2024-10-28,7200.0,7500.0,7200.0,closed_approved,False,AGT-095,18,Collision repair estimate aligned with premium-tier coverage and $250 deductible applied.
CLM-2025-00114,CUST-1005,AUTO-202409,auto_comprehensive,2024-12-22,2024-12-27,2025-01-18,4800.0,5000.0,4800.0,closed_approved,False,AGT-099,22,Theft-related damage supported by police report; comprehensive deductible of $800 applied.
CLM-2025-00115,CUST-1001,HOME-202403,home_fire,2024-09-12,2024-09-19,2024-10-10,7600.0,7800.0,7600.0,closed_approved,False,AGT-101,21,Smoke and heat damage confirmed; payout within standard-tier home limits.
CLM-2025-00116,CUST-2189,AUTO-202406,auto_collision,2024-11-18,2024-11-22,2024-12-14,2700.0,2900.0,2700.0,closed_approved,False,AGT-112,22,Rear-end impact documentation matched repair estimate; basic-tier deductible of $1000 applied.
CLM-2025-00117,CUST-2191,AUTO-202408,auto_comprehensive,2024-10-05,2024-10-12,2024-11-05,3500.0,3700.0,3500.0,closed_approved,False,AGT-118,24,Vandalism damage confirmed; comprehensive deductible of $250 applied under premium-tier coverage.
CLM-2025-00118,CUST-3290,AUTO-000144,auto_collision,2024-10-27,2024-10-30,2024-11-20,3100.0,3300.0,3100.0,closed_approved,False,AGT-097,21,Intersection collision validated by dashcam evidence; standard-tier deductible of $750 applied.
CLM-2025-00119,CUST-1015,AUTO-982138,auto_comprehensive,2024-09-05,2024-09-10,2024-09-25,2900.0,3100.0,0.0,closed_denied,True,AGT-109,15,Denied after SIU flagged vendor involved in prior fraud cases; payout placed on hold pending vendor suspension.
CLM-2025-00120,CUST-0033,AUTO-000705,auto_collision,2024-12-28,2024-12-30,,4500.0,4700.0,0.0,open,False,AGT-130,12,Claim remains under review awaiting supplemental repair photos from the body shop.
CLM-2025-00101,CUST-3036,AUTO-007123,auto_collision,2023-11-14,2023-11-20,2023-12-12,4800.0,5000.0,4800.0,closed_approved,False,AGT-103,22,Front-end damage matched scene evidence and payout aligned with basic tier collision limit minus $2500 deductible.
CLM-2025-00102,CUST-1119,HEALTH-915200,health_surgery,2024-02-15,2024-02-16,2024-03-03,7200.0,7400.0,7200.0,closed_approved,False,AGT-117,16,Approved after verifying covered procedure within basic tier and within medical payment limit.
CLM-2025-00103,CUST-3038,AUTO-005981,auto_comprehensive,2024-05-04,2024-05-10,2024-06-01,2600.0,2800.0,2600.0,closed_approved,False,AGT-112,22,Windshield replacement validated with photos and paid under standard tier comprehensive coverage minus $1000 deductible.
CLM-2025-00104,CUST-1462,AUTO-000143,auto_collision,2024-03-11,2024-03-14,2024-04-04,6800.0,7000.0,6800.0,closed_approved,False,AGT-100,21,Rear-impact damage verified by police report and paid per standard tier collision coverage minus $750 deductible.
CLM-2025-00105,CUST-0022,AUTO-000692,auto_comprehensive,2024-04-20,2024-04-26,2024-05-20,4100.0,4300.0,4100.0,closed_approved,False,AGT-118,24,Theft of catalytic converter confirmed by inspection and paid under premium tier comprehensive minus $250 deductible.
CLM-2025-00106,CUST-1109,HOME-881302,home_fire,2023-12-18,2023-12-25,2024-01-22,9200.0,9500.0,9200.0,closed_approved,False,AGT-121,28,Minor kitchen fire damage validated by fire inspector and paid within standard tier property limits.
CLM-2025-00107,CUST-1004,AUTO-240604,auto_collision,2024-02-11,2024-02-15,2024-03-04,3200.0,3400.0,3200.0,closed_approved,False,AGT-131,18,Parking lot collision confirmed by witness statements and paid under standard collision minus $1000 deductible.
CLM-2025-00108,CUST-2203,AUTO-392517,auto_comprehensive,2024-01-19,2024-01-23,2024-02-15,5400.0,5600.0,5400.0,closed_approved,False,AGT-104,23,Hail damage matched storm report; paid under premium tier comprehensive minus $250 deductible.
CLM-2025-00109,CUST-9050,HEALTH-118392,health_surgery,2024-03-02,2024-03-03,2024-03-18,6800.0,7000.0,6800.0,closed_approved,False,AGT-106,15,Approved after coding review confirmed procedure alignment with standard tier coverage.
CLM-2025-00110,CUST-2025,AUTO-568013,auto_collision,2023-12-07,2023-12-12,2024-01-10,4900.0,5000.0,0.0,closed_denied,False,AGT-099,29,Claim denied due to policy cancellation prior to incident date.
CLM-2025-00111,CUST-2114,AUTO-004220,auto_comprehensive,2024-02-02,2024-02-09,2024-03-05,2600.0,2700.0,0.0,closed_denied,False,AGT-111,25,Denied because policy was lapsed at time of vandalism claim.
CLM-2025-00112,CUST-0015,AUTO-463728,auto_collision,2024-06-10,2024-06-12,2024-07-05,5200.0,5400.0,5200.0,closed_approved,False,AGT-093,23,Damage aligned with police diagram and paid under premium collision minus $500 deductible.
CLM-2025-00113,CUST-9045,HEALTH-118387,health_surgery,2024-05-02,2024-05-03,2024-05-21,7600.0,7800.0,7600.0,closed_approved,False,AGT-110,18,Surgical procedure verified and paid under standard tier health coverage.
CLM-2025-00114,CUST-0131,HEALTH-002283,health_surgery,2023-12-19,2023-12-20,2024-01-06,4300.0,4500.0,4300.0,closed_approved,False,AGT-095,17,Approved after confirming eligibility under basic tier limits.
CLM-2025-00115,CUST-2197,AUTO-202414,auto_comprehensive,2024-07-10,2024-07-14,,1800.0,2000.0,0.0,open,False,AGT-120,9,Investigation ongoing pending garage inspection for glass damage assessment.
CLM-2025-00116,CUST-1214,AUTO-202414,auto_collision,2024-06-20,2024-06-25,2024-07-21,7200.0,7500.0,7200.0,closed_approved,False,AGT-130,26,Damage consistent with provided photos and paid under premium tier collision minus $500 deductible.
CLM-2025-00117,CUST-9217,AUTO-110923,auto_collision,2024-03-03,2024-03-10,2024-04-02,2800.0,3000.0,2800.0,closed_approved,False,AGT-109,23,Low-speed impact confirmed by estimate review and paid under basic tier coverage minus $2000 deductible.
CLM-2025-00118,CUST-1462,HOME-004051,home_fire,2024-04-12,2024-04-20,2024-05-16,8500.0,8700.0,8500.0,closed_approved,False,AGT-131,26,Electrical short verified by inspector and paid within standard home coverage limits.
CLM-2025-00119,CUST-2215,HOME-202421,home_fire,2024-02-04,2024-02-10,2024-03-02,6200.0,6400.0,6200.0,closed_approved,False,AGT-118,21,Minor smoke damage validated and paid under basic tier property limits.
CLM-2025-00120,CUST-0134,AUTO-003231,auto_collision,2024-01-22,2024-01-29,2024-02-20,3900.0,4000.0,0.0,closed_denied,True,AGT-097,22,"SIU flagged mismatched repair invoices from a blacklisted vendor, resulting in denial and vendor audit hold."
CLM-2021-41701,CUST-2025,AUTO-568013,auto_collision,2023-11-14,2023-11-20,2023-12-12,4800.0,5000.0,4800.0,closed_approved,False,AGT-131,22,Payout applied after reviewing collision photos and applying the $1200 collision deductible for this basic-tier auto policy.
CLM-2021-41702,CUST-9040,AUTO-118382,auto_comprehensive,2024-03-02,2024-03-12,2024-04-01,2200.0,2400.0,2200.0,closed_approved,False,AGT-104,20,"Comprehensive repair approved under basic tier, capped by the $1000 deductible and $6500 limit."
CLM-2021-41703,CUST-1013,HOME-202415,home_fire,2024-02-10,2024-02-20,2024-03-12,9600.0,10000.0,9600.0,closed_approved,False,AGT-121,21,Structural smoke damage verified by inspector and covered under standard-tier fire protections.
CLM-2021-41704,CUST-5829,HEALTH-921514,health_surgery,2024-05-09,2024-05-11,2024-06-01,7400.0,7600.0,7400.0,closed_approved,False,AGT-110,21,Approved after validating procedure coding under standard-tier medical payments up to the $16000 limit.
CLM-2021-41705,CUST-8806,AUTO-241105,auto_collision,2024-01-09,2024-01-15,2024-02-03,6200.0,6500.0,6200.0,closed_approved,False,AGT-103,19,Collision estimate aligned with premium-tier coverage after applying the $250 deductible.
CLM-2021-41706,CUST-2218,HEALTH-202425,health_surgery,2024-04-15,2024-04-17,2024-05-08,1800.0,1900.0,1800.0,closed_approved,False,AGT-118,21,Basic-tier surgical reimbursement within the $3500 medical limit was confirmed with proper coding submitted.
CLM-2021-41707,CUST-1024,AUTO-240603,auto_comprehensive,2024-06-09,2024-06-12,2024-07-05,3100.0,3300.0,3100.0,closed_approved,False,AGT-112,23,Windshield and fascia damage covered under basic comprehensive with the $1000 deductible applied.
CLM-2021-41708,CUST-1111,HOME-293850,home_fire,2024-02-21,2024-03-02,2024-03-26,7800.0,8000.0,7800.0,closed_approved,False,AGT-117,24,Minor kitchen fire damage supported by inspection notes under standard-tier coverage.
CLM-2021-41709,CUST-2012,AUTO-213978,auto_collision,2024-04-14,2024-04-20,2024-05-10,5400.0,5600.0,5400.0,closed_approved,False,AGT-095,20,Accident reconstruction consistent with standard collision coverage and $750 deductible.
CLM-2021-41710,CUST-2112,HOME-215981,home_fire,2024-05-11,2024-05-20,2024-06-15,8900.0,9100.0,8900.0,closed_approved,False,AGT-120,26,Approved after verifying attic electrical fire consistency with coverage limits.
CLM-2021-41711,CUST-9215,AUTO-110920,auto_comprehensive,2024-03-12,2024-03-21,2024-04-10,2500.0,2600.0,2500.0,closed_approved,False,AGT-111,20,Vandalism claim met comprehensive guidelines within the $18000 limit.
CLM-2021-41712,CUST-2213,HOME-009985,home_fire,2024-04-18,2024-04-28,2024-05-20,4500.0,4800.0,4500.0,closed_approved,False,AGT-100,22,Smoke intrusion damage validated for basic-tier home coverage.
CLM-2021-41713,CUST-2216,HOME-202422,home_fire,2024-03-01,2024-03-10,2024-03-30,10200.0,10500.0,10200.0,closed_approved,False,AGT-093,20,Premium-tier claim approved after confirming attic-scorch patterns matched inspection reports.
CLM-2021-41714,CUST-0082,HEALTH-001991,health_surgery,2024-05-14,2024-05-16,2024-06-08,3100.0,3200.0,3100.0,closed_approved,False,AGT-099,23,Procedure reimbursed under standard-tier plan within the $7000 limit.
CLM-2021-41715,CUST-2392,HEALTH-882193,health_surgery,2024-04-07,2024-04-09,2024-04-30,9400.0,9600.0,9400.0,closed_approved,False,AGT-118,21,Premium-tier coverage validated with coding matched to the $25000 medical limit.
CLM-2021-41716,CUST-1112,HEALTH-591244,health_surgery,2024-02-11,2024-02-13,2024-03-05,12200.0,12400.0,12200.0,closed_approved,False,AGT-106,21,Approved after confirming proper coding under premium-tier $25000 limits.
CLM-2021-41717,CUST-7336,AUTO-012794,auto_collision,2023-12-18,2023-12-28,2024-01-15,5200.0,5400.0,0.0,closed_denied,False,AGT-109,18,Denied due to policy lapse at time of loss despite supporting vehicle damage photos.
CLM-2021-41718,CUST-1143,HOME-120047,home_fire,2024-02-19,2024-03-01,2024-03-25,8600.0,8800.0,8600.0,closed_approved,False,AGT-130,24,Fire damage to garage validated under standard-tier home limits.
CLM-2021-41719,CUST-1607,AUTO-003414,auto_comprehensive,2024-01-14,2024-01-20,2024-02-04,2900.0,3000.0,0.0,closed_denied,True,AGT-103,15,Denied after SIU flagged vendor for prior repair irregularities and documentation gaps.
CLM-2021-41720,CUST-1605,AUTO-003413,auto_collision,2024-04-12,2024-04-20,,4100.0,4300.0,0.0,open,False,AGT-131,14,Pending verification of intersection camera footage for standard-tier collision claim.
CLM-2025-00019,CUST-2029,AUTO-354109,auto_collision,2024-04-12,2024-04-20,2024-05-05,3800.0,4000.0,3800.0,closed_approved,False,AGT-103,15,Collision damage validated with photos; payout applied after $750 collision deductible under standard coverage.
CLM-2025-00020,CUST-2201,AUTO-095411,auto_collision,2024-07-18,2024-07-25,2024-08-10,5200.0,5400.0,5200.0,closed_approved,False,AGT-121,16,Front-end impact confirmed by shop estimate; payment issued minus $1000 collision deductible under basic tier.
CLM-2025-00021,CUST-1020,AUTO-982144,auto_collision,2024-09-14,2024-09-20,2024-10-08,8600.0,9000.0,8600.0,closed_approved,False,AGT-130,18,High-speed curb strike verified with onboard camera; collision coverage honored after $500 deductible.
CLM-2025-00022,CUST-2021,AUTO-746210,auto_collision,2024-06-02,2024-06-10,2024-06-28,4100.0,4300.0,4100.0,closed_approved,False,AGT-112,18,Rear-end incident corroborated by police report; standard collision coverage applied with $500 deductible.
CLM-2025-00023,CUST-9012,AUTO-240013,auto_collision,2024-11-11,2024-11-20,2024-12-05,3700.0,3900.0,3700.0,closed_approved,False,AGT-106,15,Low-speed intersection collision validated; payout issued after $750 collision deductible under standard tier.
CLM-2025-00024,CUST-7403,AUTO-241102,auto_comprehensive,2024-08-09,2024-08-15,2024-09-03,2200.0,2400.0,2200.0,closed_approved,False,AGT-099,19,Hail damage confirmed by onsite inspection; comprehensive payout applied minus $1000 deductible under basic coverage.
CLM-2025-00025,CUST-9863,AUTO-000148,auto_comprehensive,2024-10-02,2024-10-10,2024-10-25,1800.0,1900.0,1800.0,closed_approved,False,AGT-118,15,Vandalism scratches validated via timestamped garage footage; payout issued after $750 comprehensive deductible.
CLM-2025-00026,CUST-7986,AUTO-000146,auto_comprehensive,2024-07-06,2024-07-12,2024-07-30,2400.0,2600.0,2400.0,closed_approved,False,AGT-110,18,Windshield replacement validated by licensed vendor; comprehensive coverage applied minus $850 deductible.
CLM-2025-00027,CUST-9051,AUTO-118393,auto_comprehensive,2024-05-14,2024-05-20,2024-06-04,1400.0,1500.0,1400.0,closed_approved,False,AGT-117,15,Theft of side mirrors confirmed by police report; payment issued after $750 comprehensive deductible.
CLM-2025-00028,CUST-4621,AUTO-202410,auto_comprehensive,2025-01-10,2025-01-14,,2600.0,2800.0,0.0,open,False,AGT-104,12,Animal-strike damage under review pending secondary vendor estimate.
CLM-2025-00029,CUST-8717,HOME-240118,home_fire,2024-03-18,2024-03-22,2024-04-12,7200.0,7500.0,7200.0,closed_approved,False,AGT-131,21,Kitchen fire source confirmed accidental; structural repairs covered within basic home liability limits.
CLM-2025-00030,CUST-3031,HOME-007781,home_fire,2024-08-14,2024-08-20,2024-09-05,12800.0,13000.0,12800.0,closed_approved,False,AGT-095,16,Attic electrical fire confirmed by inspector; payout within premium-tier liability cap.
CLM-2025-00031,CUST-3338,HOME-007822,home_fire,2024-12-04,2024-12-10,2024-12-28,5100.0,5300.0,5100.0,closed_approved,False,AGT-111,18,Minor garage fire validated via fire department report; basic coverage applied.
CLM-2025-00032,CUST-2024,HOME-570923,home_fire,2024-11-20,2024-11-26,2024-12-15,6800.0,7000.0,6800.0,closed_approved,False,AGT-093,19,Smoke and wiring damage substantiated; payout issued within standard liability limit.
CLM-2025-00033,CUST-8711,HEALTH-240112,health_surgery,2024-06-15,2024-06-17,2024-07-02,9800.0,10000.0,9800.0,closed_approved,False,AGT-120,15,Procedure billing matched preauthorization; payout within premium medical coverage.
CLM-2025-00034,CUST-1110,HEALTH-982136,health_surgery,2024-05-22,2024-05-24,2024-06-10,4400.0,4500.0,4400.0,closed_approved,False,AGT-100,17,Outpatient procedure validated with provider documents; payment issued under standard tier coverage.
CLM-2025-00035,CUST-9053,HEALTH-118395,health_surgery,2024-09-11,2024-09-13,2024-09-30,3600.0,3800.0,3600.0,closed_approved,False,AGT-097,17,Procedure coding verified; payout aligned with basic-tier medical limit.
CLM-2025-00036,CUST-1008,HEALTH-202402,health_surgery,2024-10-19,2024-10-21,2024-11-08,5100.0,5300.0,5100.0,closed_approved,False,AGT-111,18,Provider documentation cross-checked; claim approved under basic health coverage.
CLM-2025-00037,CUST-2112,HEALTH-019225,health_surgery,2024-12-05,2024-12-07,,4200.0,4500.0,0.0,open,False,AGT-109,10,Billing verification pending secondary coding review.
CLM-2025-00038,CUST-1012,AUTO-202414,auto_collision,2024-06-20,2024-07-02,2024-07-18,5300.0,5400.0,0.0,closed_denied,True,AGT-118,16,Claim denied after SIU referral confirmed forged repair invoices from a blacklisted vendor.
CLM-2025-00101,CUST-7081,AUTO-007100,auto_collision,2024-04-11,2024-04-20,2024-05-10,6200.0,6500.0,6200.0,closed_approved,False,AGT-131,20,Collision payout applied under basic tier with $1300 collision deductible and below the $15000 limit.
CLM-2025-00102,CUST-1010,HOME-240611,home_fire,2023-12-18,2023-12-27,2024-01-15,8200.0,8500.0,8200.0,closed_approved,False,AGT-109,19,Fire damage validated by inspector and well within standard tier structure and remaining aggregate.
CLM-2025-00103,CUST-1001,AUTO-902345,auto_comprehensive,2024-03-22,2024-03-29,2024-04-16,3100.0,3300.0,3100.0,closed_approved,False,AGT-097,18,Glass and weather damage covered under comprehensive tier with $500 deductible and within $25000 cap.
CLM-2025-00104,CUST-3290,HEALTH-003101,health_surgery,2024-02-14,2024-02-16,2024-03-05,5400.0,5600.0,5400.0,closed_approved,False,AGT-120,18,Approved for outpatient surgery under basic health tier within medical‑payments allowance.
CLM-2025-00105,CUST-0068,HOME-510028,home_fire,2024-01-15,2024-01-24,2024-02-12,7300.0,7600.0,7300.0,closed_approved,False,AGT-118,19,Minor kitchen fire confirmed; payout within standard tier and remaining aggregate.
CLM-2025-00106,CUST-7247,HEALTH-003492,health_surgery,2024-04-02,2024-04-04,2024-04-24,6900.0,7200.0,6900.0,closed_approved,False,AGT-112,20,Procedure validated with required documents under standard tier within medical‑payments limit.
CLM-2025-00107,CUST-0081,AUTO-012956,auto_collision,2024-06-12,2024-06-20,2024-07-08,9100.0,9500.0,9100.0,closed_approved,False,AGT-099,18,Collision damage settled under standard tier with $750 deductible and below $32000 limit.
CLM-2025-00108,CUST-7221,AUTO-009211,auto_comprehensive,2024-04-26,2024-05-03,2024-05-23,2800.0,3000.0,2800.0,closed_approved,False,AGT-104,20,Animal‑strike damage matched scene evidence; payout under comprehensive tier with $950 deductible.
CLM-2025-00109,CUST-4624,AUTO-202408,auto_collision,2024-05-11,2024-05-18,2024-06-06,12200.0,12500.0,12200.0,closed_approved,False,AGT-111,19,Collision impact review confirmed; payout under premium tier below $75000 limit and $250 deductible.
CLM-2025-00110,CUST-1004,HEALTH-001110,health_surgery,2024-03-11,2024-03-13,2024-04-02,8600.0,8800.0,8600.0,closed_approved,False,AGT-110,20,Premium tier covers approved procedure within allowed annual aggregate.
CLM-2025-00111,CUST-1036,AUTO-240617,auto_collision,2024-04-03,2024-04-10,2024-04-30,5300.0,5600.0,5300.0,closed_approved,False,AGT-103,20,Front‑end impact verified and processed under standard tier with $1000 collision deductible.
CLM-2025-00112,CUST-1609,AUTO-003416,auto_comprehensive,2024-02-17,2024-02-26,2024-03-15,1900.0,2100.0,1900.0,closed_approved,False,AGT-095,17,Theft‑related damage within basic tier comprehensive coverage and below $10000 limit.
CLM-2025-00113,CUST-2391,AUTO-948210,auto_collision,2024-07-01,2024-07-09,2024-07-28,4100.0,4500.0,4100.0,closed_approved,False,AGT-100,19,Collision scuffs consistent with witness report; basic tier $1000 deductible applied.
CLM-2025-00114,CUST-2037,HEALTH-842193,health_surgery,2024-08-14,2024-08-16,2024-09-03,7200.0,7400.0,7200.0,closed_approved,False,AGT-117,18,Procedure met documentation requirements under premium tier medical‑payments coverage.
CLM-2025-00115,CUST-7986,AUTO-000146,auto_comprehensive,2024-06-22,2024-06-30,2024-07-20,2600.0,2800.0,2600.0,closed_approved,False,AGT-106,20,Hail damage validated; payout under basic tier with $850 comprehensive deductible.
CLM-2025-00116,CUST-7417,HEALTH-241116,health_surgery,2024-04-04,2024-04-06,2024-04-25,5100.0,5400.0,5100.0,closed_approved,False,AGT-121,19,Approved under standard tier within $12000 medical‑payments cap.
CLM-2025-00117,CUST-1013,AUTO-902353,auto_collision,2024-05-09,2024-05-16,2024-06-03,10400.0,10800.0,10400.0,closed_approved,False,AGT-130,18,Premium tier payout applied with $500 collision deductible and within $120000 limit.
CLM-2025-00118,CUST-0026,HOME-202408,home_fire,2024-01-04,2024-01-12,2024-02-01,5900.0,6100.0,5900.0,closed_approved,False,AGT-093,20,Minor electrical fire confirmed; payout well within standard tier liability envelope.
CLM-2025-00119,CUST-1109,HOME-881302,home_fire,2024-06-18,2024-06-27,2024-07-17,7700.0,8000.0,7700.0,closed_approved,False,AGT-118,20,Localized attic fire verified; payout aligns with standard tier and remaining aggregate.
CLM-2025-00120,CUST-2204,HEALTH-209383,health_surgery,2024-03-05,2024-03-07,,6800.0,7000.0,0.0,open,True,AGT-111,14,Claim under SIU review due to vendor mismatch alert; payout on hold pending verification.
CLM-2025-00011,CUST-9003,AUTO-240002,auto_collision,2024-08-12,2024-08-20,2024-09-15,4800.0,5000.0,4800.0,closed_approved,False,AGT-103,26,Collision payout approved within premium tier limits after deductible verification.
CLM-2025-00012,CUST-3022,AUTO-240711,auto_collision,2024-05-20,2024-05-28,2024-06-18,3100.0,3300.0,3100.0,closed_approved,False,AGT-121,21,Damage aligned with police photos and below collision limit for standard tier.
CLM-2025-00013,CUST-1014,AUTO-240616,auto_collision,2024-04-11,2024-04-19,2024-05-10,2900.0,3000.0,2900.0,closed_approved,False,AGT-110,21,Front-end impact consistent with repair vendor documentation under standard coverage.
CLM-2025-00014,CUST-1020,AUTO-982144,auto_collision,2024-07-14,2024-07-22,2024-08-14,6200.0,6500.0,6200.0,closed_approved,False,AGT-112,23,Collision verified by onboard telemetry and well below premium collision limit.
CLM-2025-00015,CUST-1009,AUTO-202410,auto_collision,2024-09-03,2024-09-10,2024-10-03,1800.0,1900.0,1800.0,closed_approved,False,AGT-104,23,Minor bumper damage validated by standard-tier adjuster review.
CLM-2025-00016,CUST-2109,AUTO-004216,auto_collision,2024-03-25,2024-03-31,2024-04-20,2500.0,2700.0,2500.0,closed_approved,False,AGT-131,20,Collision repairs substantiated with vendor invoices and matched to basic-tier limits.
CLM-2025-00017,CUST-9213,AUTO-110918,auto_collision,2024-06-05,2024-06-12,2024-07-01,3400.0,3600.0,3400.0,closed_approved,False,AGT-118,19,Impact assessment confirmed by third-party inspection under standard coverage.
CLM-2025-00018,CUST-9003,AUTO-240002,auto_comprehensive,2024-08-01,2024-08-08,2024-08-28,2700.0,2900.0,2700.0,closed_approved,False,AGT-099,20,Glass damage from debris consistent with comprehensive tier limits.
CLM-2025-00019,CUST-3022,AUTO-240711,auto_comprehensive,2024-07-11,2024-07-18,2024-08-05,1500.0,1600.0,1500.0,closed_approved,False,AGT-117,18,Hail impact repairs within comprehensive cap for standard coverage.
CLM-2025-00020,CUST-1014,AUTO-902354,auto_comprehensive,2024-06-08,2024-06-14,2024-07-04,2200.0,2300.0,2200.0,closed_approved,False,AGT-097,20,Weather-related damage confirmed and below comprehensive limit despite suspended status warning.
CLM-2025-00021,CUST-1005,AUTO-902347,auto_comprehensive,2024-04-19,2024-04-24,2024-05-12,4100.0,4300.0,4100.0,closed_approved,False,AGT-111,18,Comprehensive claim validated with verified repair vendor under premium tier.
CLM-2025-00022,CUST-2015,AUTO-669024,auto_comprehensive,2024-03-23,2024-03-30,2024-04-17,3800.0,4000.0,3800.0,closed_approved,False,AGT-106,18,Theft-related damage validated and covered under premium comprehensive cap.
CLM-2025-00023,CUST-0457,HOME-001208,home_fire,2024-05-22,2024-05-29,2024-06-20,5200.0,5500.0,5200.0,closed_approved,False,AGT-100,22,Kitchen fire soot damage confirmed by inspector and within standard-tier property cap.
CLM-2025-00024,CUST-7413,HOME-241112,home_fire,2024-06-11,2024-06-18,2024-07-12,4600.0,4800.0,4600.0,closed_approved,False,AGT-095,24,Electrical short fire damage aligned with basic-tier coverage review.
CLM-2025-00025,CUST-1013,HOME-202415,home_fire,2024-07-14,2024-07-21,2024-08-12,3500.0,3600.0,3500.0,closed_approved,False,AGT-109,22,Smoke damage validated by third-party inspector under standard home policy.
CLM-2025-00026,CUST-8807,HOME-241106,home_fire,2024-08-09,2024-08-16,2024-09-04,4900.0,5200.0,4900.0,closed_approved,False,AGT-120,19,Appliance-related fire damage consistent with policy scope and inspection photos.
CLM-2025-00027,CUST-2202,HEALTH-202424,health_surgery,2024-09-10,2024-09-12,2024-09-28,6200.0,6500.0,6200.0,closed_approved,False,AGT-101,16,Procedure reimbursement aligned with standard-tier medical payments cap.
CLM-2025-00028,CUST-1119,HEALTH-915200,health_surgery,2024-06-04,2024-06-06,2024-06-24,3100.0,3300.0,3100.0,closed_approved,False,AGT-130,18,Surgery billing consistent with basic-tier benefit schedule and verified coding.
CLM-2025-00029,CUST-1144,HEALTH-310072,health_surgery,2024-05-19,2024-05-21,2024-06-05,5400.0,5600.0,5400.0,closed_approved,False,AGT-111,15,Procedure documentation matched allowable charges under standard-tier medical limits.
CLM-2025-00030,CUST-9058,HEALTH-118400,health_surgery,2024-07-27,2024-07-29,,7200.0,7400.0,0.0,open,True,AGT-093,28,Claim under SIU review due to repeat-vendor irregularities and billing pattern mismatch.
CLM-2025-00031,CUST-1014,AUTO-902354,auto_comprehensive,2024-04-05,2024-04-12,2024-04-23,2600.0,0.0,0.0,closed_denied,False,AGT-103,11,Denied due to policy suspension at time of loss and missing repair documentation.
CLM-2025-00101,CUST-2249,AUTO-202406,auto_collision,2024-11-04,2024-11-10,2024-12-01,6200.0,6000.0,5800.0,closed_approved,False,AGT-131,21,Front-end impact documented; payout applied after $900 collision deductible under standard coverage cap.
CLM-2025-00102,CUST-9052,AUTO-118394,auto_comprehensive,2024-09-18,2024-09-20,2024-10-10,4200.0,4000.0,2800.0,closed_approved,False,AGT-110,20,Vandalism damage confirmed; payment reduced by $1200 comprehensive deductible under basic tier.
CLM-2025-00103,CUST-0035,HEALTH-000707,health_surgery,2024-12-02,2024-12-04,2024-12-20,9500.0,9000.0,9000.0,closed_approved,False,AGT-103,16,Approved for covered outpatient procedure within remaining aggregate limit.
CLM-2025-00104,CUST-0019,AUTO-202413,auto_collision,2024-05-15,2024-05-20,2024-06-05,5200.0,0.0,0.0,closed_denied,False,AGT-099,16,Denied due to policy suspension at time of loss and unpaid premium in grace status.
CLM-2025-00105,CUST-1034,AUTO-240615,auto_collision,2024-10-11,2024-10-18,2024-11-04,11800.0,11500.0,11250.0,closed_approved,False,AGT-118,17,Side-impact confirmed by photos; premium tier collision deductible of $250 applied.
CLM-2025-00106,CUST-3025,AUTO-009762,auto_comprehensive,2024-11-22,2024-11-25,2024-12-12,6700.0,6500.0,6000.0,closed_approved,False,AGT-112,17,Storm debris damage validated; payout under enhanced comprehensive coverage minus $500 deductible.
CLM-2025-00107,CUST-0086,AUTO-012961,auto_collision,2024-07-12,2024-07-20,2024-08-06,6200.0,0.0,0.0,closed_denied,True,AGT-121,17,SIU flagged repeat-vendor mismatch; denial issued after license verification failure.
CLM-2025-00108,CUST-0056,AUTO-510016,auto_comprehensive,2023-10-20,2023-10-25,2023-11-12,3500.0,0.0,0.0,closed_denied,False,AGT-106,18,"Policy was lapsed before date of loss, rendering claim ineligible."
CLM-2025-00109,CUST-2014,AUTO-112384,auto_collision,2024-09-04,2024-09-10,2024-09-28,9600.0,9400.0,9150.0,closed_approved,False,AGT-104,18,Rear-impact validated by police report; $250 collision deductible applied under premium tier.
CLM-2025-00110,CUST-0072,AUTO-012951,auto_comprehensive,2024-10-14,2024-10-16,2024-11-05,3800.0,3600.0,3050.0,closed_approved,False,AGT-131,20,Theft-loss documentation reviewed; payment adjusted after $750 deductible.
CLM-2025-00111,CUST-1020,AUTO-230420,auto_collision,2024-06-21,2024-06-30,2024-07-18,5400.0,5200.0,5000.0,closed_approved,False,AGT-111,18,Commercial-use collision supported by mechanic estimate within premium cap.
CLM-2025-00112,CUST-8924,AUTO-202412,auto_comprehensive,2024-10-28,2024-11-01,2024-11-22,4300.0,4200.0,3550.0,closed_approved,False,AGT-097,21,Glass and trim replacement approved under standard comprehensive terms minus $650 deductible.
CLM-2025-00113,CUST-9229,AUTO-110936,auto_collision,2024-07-08,2024-07-14,2024-08-01,7500.0,7300.0,6300.0,closed_approved,False,AGT-095,18,Impact damage matched scene photos; deductible of $1000 applied under standard plan.
CLM-2025-00114,CUST-1015,AUTO-982138,auto_comprehensive,2024-08-10,2024-08-14,2024-09-01,3100.0,3000.0,2000.0,closed_approved,False,AGT-120,18,Hail-damage confirmed; payout after $1000 deductible under basic tier.
CLM-2025-00115,CUST-9142,AUTO-000145,auto_collision,2024-11-18,2024-11-20,2024-12-10,12800.0,12500.0,12250.0,closed_approved,False,AGT-109,20,Major panel damage; $250 deductible applied within premium collision limit.
CLM-2025-00116,CUST-1026,AUTO-230422,auto_comprehensive,2023-12-20,2023-12-23,2024-01-10,2600.0,2500.0,1000.0,closed_denied,False,AGT-100,18,Denied due to policy lapse pre-incident; only administrative review completed.
CLM-2025-00117,CUST-1462,AUTO-000143,auto_collision,2024-11-27,2024-11-30,2024-12-20,5100.0,5000.0,4250.0,closed_approved,False,AGT-117,20,Intersection scrape verified by both drivers; $750 deductible under standard tier applied.
CLM-2025-00118,CUST-1008,HOME-002317,home_fire,2024-09-29,2024-10-04,2024-10-28,14800.0,14500.0,14500.0,closed_approved,False,AGT-112,24,Kitchen fire confined to cabinetry; payout within premium dwelling and PD limits.
CLM-2025-00119,CUST-9007,HEALTH-672113,health_surgery,2024-06-18,2024-06-20,2024-07-05,7400.0,7200.0,7200.0,closed_approved,False,AGT-131,15,Covered ambulatory procedure approved within remaining benefit limit.
CLM-2025-00120,CUST-8026,HEALTH-441803,health_surgery,2024-12-08,2024-12-10,,8800.0,8500.0,0.0,open,False,AGT-121,5,Awaiting final hospital billing verification before benefit calculation.
CLM-2025-42301,CUST-1133,AUTO-230191,auto_collision,2024-11-12,2024-11-15,2024-12-10,7200.0,6800.0,6500.0,closed_approved,False,AGT-103,25,Payout applied after subtracting the $1200 collision deductible under basic tier coverage.
CLM-2025-42302,CUST-0052,AUTO-510012,auto_collision,2024-10-02,2024-10-10,2024-11-04,5600.0,5400.0,5200.0,closed_approved,False,AGT-121,25,Damage validated by inspection and paid within the $20000 collision limit after $1500 deductible.
CLM-2025-42303,CUST-9047,AUTO-118389,auto_comprehensive,2024-09-18,2024-09-22,2024-10-15,4100.0,4000.0,3850.0,closed_approved,False,AGT-110,23,Windshield and trim damage confirmed and paid under the $9000 comprehensive limit minus the $950 deductible.
CLM-2025-42304,CUST-9218,AUTO-110924,auto_comprehensive,2024-11-05,2024-11-08,2024-12-02,9800.0,9600.0,9350.0,closed_approved,False,AGT-097,24,Theft-related electronics loss was within the $40000 comprehensive cap under premium tier after $250 deductible.
CLM-2025-42305,CUST-1021,HOME-110013,home_fire,2024-08-12,2024-08-20,2024-09-18,15500.0,15000.0,14800.0,closed_approved,False,AGT-118,29,Smoke damage remediation validated by contractor photos and paid under basic tier within aggregate limits.
CLM-2025-42306,CUST-2107,HOME-008313,home_fire,2024-07-25,2024-07-31,2024-08-28,8200.0,8000.0,7900.0,closed_approved,False,AGT-109,28,Kitchen appliance ignition source confirmed by inspector and paid within the annual aggregate limit.
CLM-2025-42307,CUST-0035,HEALTH-000707,health_surgery,2024-10-14,2024-10-16,2024-10-30,6400.0,6300.0,6200.0,closed_approved,False,AGT-112,14,Procedure costs aligned with standard tier coverage and fell within the plan’s medical payment allowance.
CLM-2025-42308,CUST-2109,AUTO-796154,auto_collision,2024-11-20,2024-11-25,,4800.0,5000.0,0.0,open,True,AGT-130,12,Claim under SIU review due to repeated vendor inconsistencies and payout remains on hold pending verification.
